gender,avg_duration_sec
,611.8951609483015
Female,509.8082474784837
Male,478.6205057415161
